####################
# all fixtures


tags:
- tags.1
- tags.3

countries:
- africa/countries
- asia/countries
- caribbean/countries
- central-america/countries
- europe/countries
- middle-east/countries
- north-america/countries
- pacific/countries
- south-america/countries

countries2:
- asia/countries.2
- caribbean/countries.2
- europe/countries.2
- pacific/countries.2


langs:
- langs
- africa/3-more/lang
- asia/3-more/lang
- caribbean/3-more/lang
- central-america/3-more/lang
- europe/3-more/lang
- middle-east/3-more/lang
- north-america/3-more/lang
- pacific/3-more/lang
- south-america/3-more/lang

africa:
- africa/1-codes/fifa
- africa/1-codes/internet
- africa/1-codes/iso3

south-america:
- south-america/1-codes/fifa
- south-america/1-codes/internet
- south-america/1-codes/iso3
- south-america/1-codes/motor
- south-america/ar/regions
- south-america/ar/cities
- south-america/br/regions
- south-america/br/cities
- south-america/ve/regions
### - south-america/ve/cities

caribbean:
- caribbean/1-codes/fifa
- caribbean/1-codes/internet
- caribbean/1-codes/iso3

central-america:
- central-america/1-codes/fifa
- central-america/1-codes/internet
- central-america/1-codes/iso3

north-america:
- north-america/1-codes/fifa
- north-america/1-codes/internet
- north-america/1-codes/iso3
- north-america/1-codes/motor
- north-america/ca/regions
- north-america/ca/cities
- north-america/us/regions
- north-america/us/cities
- north-america/mx/regions
- north-america/mx/cities

asia:
- asia/1-codes/fifa
- asia/1-codes/internet
- asia/1-codes/iso3
- asia/jp/cities

europe:
- europe/1-codes/fifa
- europe/1-codes/internet
- europe/1-codes/iso3
- europe/1-codes/motor
- europe/at/regions
- europe/at/cities
- europe/be/regions
- europe/be/cities
- europe/bg/cities
- europe/by/cities
- europe/ch/regions
- europe/ch/cities
- europe/cy/cities
- europe/cz/regions
- europe/cz/cities
- europe/de/regions
- europe/de/cities
- europe/dk/cities
- europe/ee/cities
- europe/en/regions
- europe/en/cities
- europe/es/regions
- europe/es/cities
- europe/fi/cities
- europe/fr/regions
- europe/fr/cities
- europe/gr/cities
- europe/hr/cities
- europe/hu/cities
- europe/ie/cities
- europe/it/regions
- europe/it/cities
- europe/lt/cities
- europe/lv/cities
- europe/nl/cities
- europe/no/cities
- europe/pl/cities
- europe/pt/cities
- europe/ro/cities
- europe/rs/cities
- europe/ru/cities
- europe/sc/cities
- europe/se/cities
- europe/tr/cities
- europe/ua/cities
- europe/wa/cities

pacific:
- pacific/1-codes/fifa
- pacific/1-codes/internet
- pacific/1-codes/iso3
- pacific/au/cities
