##################
# europe fixtures


# Tags
tags.1
tags.3

# Countries
europe/countries
europe/countries.2

# Codes
1-codes/fifa
1-codes/fips
1-codes/internet
1-codes/ioc
1-codes/iso
1-codes/motor

# Europe
europe/be-belgium/regions
europe/be-belgium/cities
europe/bg-bulgaria/regions
europe/bg-bulgaria/regions.iso
europe/bg-bulgaria/cities
europe/by-belarus/cities
europe/ch-switzerland/regions
europe/ch-switzerland/cities
europe/cy-cyprus/cities
europe/cz-czech-republic/regions
europe/cz-czech-republic/cities
europe/de-germany/regions
europe/de-germany/cities
europe/dk-denmark/regions
europe/dk-denmark/cities
europe/ee-estonia/cities
europe/en-england/regions
europe/en-england/cities
europe/es-spain/regions
europe/es-spain/cities
europe/fi-finland/cities
europe/fr-france/regions
europe/fr/france/cities
europe/gr-greece/cities
europe/hr-croatia/cities
europe/hu-hungary/cities
europe/ie-ireland/regions
europe/ie-ireland/cities
europe/it-italy/regions
europe/it-italy/regions.iso
europe/it-italy/cities
europe/lt-lithuania/cities
europe/lv-latvia/cities
europe/nl-netherlands/regions
europe/nl-netherlands/cities
europe/no-norway/cities
europe/pl-poland/cities
europe/pt-portugal/cities
europe/ro-romania/regions
europe/ro-romania/cities
europe/rs-serbia/cities
europe/ru-russia/cities
europe/sc-scotland/cities
europe/se-sweden/cities
europe/sk-slovakia/regions
europe/sk-slovakia/cities
europe/tr-turkey/cities
europe/ua-ukraine/cities
europe/wa-wales/cities
